,Owner,TH link,Gene,Past Forms,Level,XP,Damage (health/10),Tool x Use,Myo? (yes/no)
3001,neighborlynarwhal,https://toyhou.se/23120777.3001-myo,Ancient Water,,1,0/5,10/10,,Yes
3002,thefishofthecat,https://toyhou.se/23121688.3002-myo,Earth - Elementary,,1,0/5,10/10,,Yes
3003,thefishofthecat,https://toyhou.se/23121721.3003-myo,Earth - Plant,,1,0/5,10/10,,Yes
3004,Smolowls,https://toyhou.se/23121841.3004-myo,Feyndeer,,1,0/5,10/10,,Yes
3005,sapphire___z,3005 on Toyhouse,Elementary,,1,0/5,10/10,,no
3006,mixies_sketchbook,https://toyhou.se/23140185.3006-myo,Ilgbii,,1,0/5,10/10,,yes
3007,brigitta_halim,https://toyhou.se/23153336.3007-myo,Cupid,,1,0/5,10/10,,
3008,mixies_sketchbook,3008 on Toyhouse,Elementary,,1,0/5,10/10,,no
3009,honey_.milktea,3009 on Toyhouse,Elementary,,1,0/5,10/10,,no
3010,Inkkebab,3010 on Toyhouse,Elementary,,1,0/5,10/10,,no
3011,risk_of_systematic_chaos,3011 on Toyhouse,Elementary,,1,0/5,10/10,,no
3012,risk_of_systematic_chaos,3012 on Toyhouse,Elementary,,1,0/5,10/10,,no
3013,risk_of_systematic_chaos,3013 on Toyhouse,Elementary,,1,0/5,10/10,,no
3014,._phoenixartz_.,3014 on Toyhouse,Elementary,,3,0/6,10/10,,no
3015,thatdreamurr,3015 on Toyhouse,Elementary,,2,3/5,8/10,Lesser Pickaxe x5,no
3016,luxicitii,https://toyhou.se/23165210.3016,Elementary,,1,0/5,10/10,,no
3017,none,https://toyhou.se/23165237.3017,Elementary,,1,0/5,10/10,,no
3018,none,https://toyhou.se/23165254.3018,Elementary,,1,0/5,10/10,,no
3019,none,https://toyhou.se/23165267.3019,Elementary,,1,0/5,10/10,,no
3020,usukiarts,https://toyhou.se/23165280.3020,Elementary,,1,0/5,10/10,,no
3021,none,https://toyhou.se/23165300.3021,Elementary,,1,0/5,10/10,,no
3022,none,https://toyhou.se/23165316.3022,Elementary,,1,0/5,10/10,,no
3023,frox_v.0,https://toyhou.se/23165339.3023,Elementary,,1,0/5,10/10,,no
3024,usukiarts ,https://toyhou.se/23165363.3024,Elementary,,1,0/5,10/10,,no
3025,none,https://toyhou.se/23165386.3025,Elementary,,1,0/5,10/10,,no
3026,honey._milktea,https://toyhou.se/23168667.3026-myo,Ancient Earth,,1,0/5,10/10,,yes
3027,digitalskullfox ,https://toyhou.se/23198713.3027-myo,Abyssius,,1,2/5,10/10,,yes
3028,LythelFisch,3028 on Toyhouse,Ancient Water ,,4,7/8,10/10,,no
3029,Luxicitii ,3029 (MYO) on Toyhouse,Elementary,,3,3/6,8/10,"Hoe x3
Anvil x9
Pot x10",No
3030,ascendian_art,3030 (MYO) on Toyhouse,Elementary,,1,0/5,10/10,,yes
3031,smolowls,3031 (MYO) on Toyhouse,Ilgbii,,1,0/5,10/10,,yes
3032,_.phoenixartz._,3032 on Toyhouse,Elementary,,1,0/5,10/10,,no
3033,luxicitii,3033 on Toyhouse,Elementary,,1,0/5,10/10,,no
3034,nitropvnk,3034 on Toyhouse,Elementary,,1,0/5,10/10,,no
3035,guts4goats,https://toyhou.se/23233671.3035-myo,Feyndeer,,1,0/5,10/10,,yes
3036,guts4goats,https://toyhou.se/23233679.3036-myo,Feyndeer,,1,0/5,10/10,,yes
3037,guts4goats ,https://toyhou.se/23241215.3037-myo,Abyssius-Cosmic ,,1,0/5,10/10,,yes
3038,guts4goats ,https://toyhou.se/23241324.3038-myo,Ilgbii-Abyssius,,1,0/5,10/10,,yes
3039,guts4goats ,https://toyhou.se/23241336.3039-myo,Abyssius-Cosmic ,,1,0/5,10/10,,yes
3040,guts4goats ,https://toyhou.se/23241359.3040-myo,ilgbii-Cosmic ,,1,0/5,10/10,,yes
3041,cryptid_of_the_woods,https://toyhou.se/23243231.3041,Elementary,,5,4/10,0/10,,no
3042,_crims0n.mamaart_,3042 on Toyhouse,Elementary,,1,0/5,10/10,,no
3043,p0pcorns_,https://toyhou.se/23246983.3043-myo,Elementary,,1,0/5,10/10,,yes
3044,Usukiarts,https://toyhou.se/23248697.3044,Abyssius,,1,0/5,10/10,,No
3045,holly.lovesducks,https://toyhou.se/23250473.3045-myo,Elementary,,1,0/5,10/10,,yes
3046,smolowls,https://toyhou.se/23252964.3046-myo,Elementary,,1,0/5,10/10,,yes
3047,_d3f4ult_art_,https://toyhou.se/23262177.3047-myo,Cupid,,1,0/5,10/10,,
3048,_pumpkin_patxh_,https://toyhou.se/23267569.3048,Elementary,,1,0/5,10/10,,No
3049,marrouxx.jpeg,https://toyhou.se/23267672.3049,Water,,1,0/5,10/10,,No
3050,N/a,https://toyhou.se/23270680.3050,Elementary,,1,0/5,10/10,,No
3051,N/A,https://toyhou.se/23270767.3051,Elementary,,1,0/5,10/10,,No
3052,brigitta_halim,https://toyhou.se/23279065.3052-myo,Ancient Fire,,1,0/5,10/10,,yes
3053,sapphire___z,https://toyhou.se/23279106.3053-myo,Ilgbii,,1,0/5,10/10,,Yes
3054,oops.jinxed.it,https://toyhou.se/23280170.3054,Ilgbii,,1,0/5,10/10,,
3055,N/A,3055 on Toyhouse,Elementary,,1,0/5,10/10,,no
3056,N/A,3056 on Toyhouse,Elementary,,1,0/5,10/10,,no
3057,N/A,3057 on Toyhouse,Elementary,,1,0/5,10/10,,no
3058,N/A,3058 on Toyhouse,Elementary,,1,0/5,10/10,,no
3059,N/A,3059 on Toyhouse,Elementary,,1,0/5,10/10,,no
3060,N/A,3060 on Toyhouse,Elementary,,1,0/5,10/10,,no
3061,N/A,3061 on Toyhouse,Elementary,,1,0/5,10/10,,no
3062,N/A,3062 on Toyhouse,Elementary,,1,0/5,10/10,,no
3063,N/A,3063 on Toyhouse,Elementary,,1,0/5,10/10,,no
3064,_infamous_comedown_ok,3064 on Toyhouse,Elementary,,1,0/5,10/10,,no
3065,_infamous_comedown_ok,3065 on Toyhouse,Elementary,,1,0/5,10/10,,no
3066,floof._.adopts,3066 on Toyhouse,Elementary,,1,0/5,10/10,,no
3067,goats4guts,3067 on Toyhouse,Elementary,,1,0/5,10/10,,no
3068,N/A,3068 on Toyhouse,Elementary,,1,0/5,10/10,,no
3069,stwabby_roomz,3069 on Toyhouse,Elementary,,1,0/5,10/10,,no
3070,.mamaart_,3070 on Toyhouse,Elementary,,1,0/5,10/10,,no
3071,usukiarts,3071 on Toyhouse,Elementary,,1,0/5,10/10,,no
3072,starrymaplebar.cs,3072 on Toyhouse,Elementary,,7,7/15,7/10,,no
3073,n/a,https://toyhou.se/23377869.3073,Elementary,,1,0/5,10/10,,no
3074,n/a,https://toyhou.se/23377891.3074,Elementary,,1,0/5,10/10,,no
3075,n/a,https://toyhou.se/23377906.3075,Elementary,,1,0/5,10/10,,no
3076,_infamous_comedown_ok,https://toyhou.se/23378624.3076,Elementary,,1,2/5,10/10,,no
3077,n/a,https://toyhou.se/23378765.3077,Elementary,,1,0/5,10/10,,no
3078,n/a,https://toyhou.se/23378803.3078,Elementary,,1,0/5,10/10,,no
3079,n/a,https://toyhou.se/23378824.3079,Elementary,,1,0/5,10/10,,no
3080,starrymaplebar.cs,https://toyhou.se/23381201.3080-myo,Ancient Air,,1,0/5,10/10,,yes
3081,mixies_sketchbook,https://toyhou.se/23386220.3081,Elementary,,1,0/5,10/10,,No
3082,mixies_sketchbook,https://toyhou.se/23386241.3082,Abyssius,,1,0/5,10/10,,No
3083,TarotsTrinkets,https://toyhou.se/23386269.3083,Abyssius,,1,0/5,10/10,,No
3084,lazuu.uwu_art,3084 (MYO) on Toyhouse,Elementary,,8,6/18,10/10,,no
3085,lazuu.uwu_art,3085 (MYO) on Toyhouse,Elementary,,1,0/5,10/10,,no
3086,lazuu.uwu_art,3086 (MYO) on Toyhouse,Elementary,,1,0/5,10/10,,no
3087,lazuu.uwu_art,3087 (MYO) on Toyhouse,Elementary,,1,0/5,10/10,,Yes
3088,lazuu.uwu_art,3088 (MYO) on Toyhouse,Elementary,,1,0/5,10/10,,Yes
3089,lazuu.uwu_art,3089 (MYO) on Toyhouse,Elementary,,1,0/5,10/10,,Yes
3090,lazuu.uwu_art,3090 (MYO) on Toyhouse,Elementary,,1,0/5,10/10,,Yes
3091,lazuu.uwu_art,3091 (MYO) on Toyhouse,Elementary,,1,0/5,10/10,,Yes
3092,holly.lovesducks,3092 (MYO) on Toyhouse,Elementary,,1,0/5,10/10,,Yes
3093,mixies_sketchbook/tarotstrinkets ,https://toyhou.se/23446649.3093,Elementary,,1,0/5,10/10,,No
3094,anni3bytez,https://toyhou.se/23446668.3094,Elementary,,1,0/5,10/10,,No
3095,eepiiin,https://toyhou.se/23454185.3095,Elementary,,1,0/5,10/10,,No
3096,mixies_sketchbook,https://toyhou.se/23454197.3096,Elementary,,1,0/5,10/10,,No
3097,luxicitii,https://toyhou.se/23454234.3097,Elementary,,1,0/5,10/10,,No
3098,goats4guts,https://toyhou.se/23454238.3098,Elementary,,1,0/5,10/10,,No
3099,_infamous_comedown_ok,https://toyhou.se/23454244.3099,Elementary,,1,0/5,10/10,,No
3100,Miss_iindigo,https://toyhou.se/23454251.3100,Elementary,,1,0/5,10/10,,No
3101,N/A,https://toyhou.se/23454289.3101,Elementary,,1,0/5,10/10,,No
3102,N/A,https://toyhou.se/23484013.3102,Elementary,,1,0/5,10/10,,no
3103,N/A,https://toyhou.se/23484037.3103,Elementary,,1,0/5,10/10,,no
3104,_crims0n.mamaart_,https://toyhou.se/23484048.3104,Elementary,,5,4/10,10/10,,no
3105,N/A,https://toyhou.se/23484061.3105,Elementary,,1,0/5,10/10,,no
3106,N/A,https://toyhou.se/23484077.3106,Elementary,,1,0/5,10/10,,no
3107,N/A,https://toyhou.se/23484110.3107,Elementary,,1,0/5,10/10,,no
3108,victor_straberry,https://toyhou.se/23484275.3108,Elementary,,1,0/5,10/10,,
3109,_d3f4ult_art,https://toyhou.se/23484292.3109,Elementary,,2,3/5,8/10,,
3110,goats4guts,https://toyhou.se/23491738.3110,Ilgbii,,3,4/6,10/10,,No
3111,unicornx_xvomit,https://toyhou.se/23491802.3111,Elementary,,1,0/5,10/10,,No
3112,Mixies_Sketchbook,https://toyhou.se/23494586.3112,Elementary,,5,6/10,10/10,,No
3113,buggie.is.real,https://toyhou.se/23494691.3113,Elementary,,1,1/5,10/10,,No
3114,sour.rot ,https://toyhou.se/23494723.3114,Elementary,,1,0/5,10/10,,No
3115,sour.rot,https://toyhou.se/23494766.3115,Elementary,,1,0/5,10/10,,No
3116,N/A,https://toyhou.se/23494880.3116,Elementary,,1,0/5,10/10,,No
3117,mixies_sketchbook,https://toyhou.se/23494916.3117,Elementary,,1,0/5,10/10,,No
3118,neighborlynarwhal,https://toyhou.se/23494940.3118,Elementary,,1,0/5,10/10,,No
3119,bro___boi,https://toyhou.se/23494982.3119,Elementary,,1,0/5,10/10,,No
3120,bergierpants,https://toyhou.se/23494994.3120,Elementary,,1,0/5,10/10,,No
3121,The_Kid_In_The_Corner15,https://toyhou.se/23495081.3121,Elementary,,2,0/5,10/10,,No
3122,pyr022_,https://toyhou.se/23495117.3122,Elementary,,1,0/5,10/10,,No
3123,.PhoenixArtz.,https://toyhou.se/23495147.3123,Elementary,,1,0/5,10/10,,No
3124,mixies_sketchbook,https://toyhou.se/23495192.3124,Elementary,,1,0/5,10/10,,No
3125,.PhoenixArtz.,https://toyhou.se/23495227.3125,Elementary,,1,0/5,10/10,,No
3126,N/A,https://toyhou.se/23495276.3126,Elementary,,1,0/5,10/10,,No
3127,N/A,https://toyhou.se/23495311.3127,Elementary,,1,0/5,10/10,,No
3128,bro___boi,https://toyhou.se/23495346.3128,Elementary,,1,2/5,10/10,,No
3129,Dyrag0n ,https://toyhou.se/23495501.3129,Elementary,,1,0/5,10/10,,No
3130,soulcraft1312,3130 on Toyhouse,Elementary,,1,0/5,10/10,,No
3131,N/A,https://toyhou.se/23495639.3131,Elementary,,1,0/5,10/10,,No
3132,kindhearted_mouse,https://toyhou.se/23495705.3132,Elementary,,1,0/5,10/10,,
3133,brineshrimp,https://toyhou.se/23496058.3133,Elementary,,1,0/5,10/10,,yes
3134,brineshrimp,https://toyhou.se/23499992.3134-myo,Elementary,,1,0/5,10/10,,yes
3135,brineshrimp,https://toyhou.se/23499992.3135-myo,Elementary,,1,0/5,10/10,,yes
3136,brineshrimp,https://toyhou.se/23500004.3136-myo,Elementary,,1,0/5,10/10,,yes
3137,brineshrimp,https://toyhou.se/23500011.3137-myo,Cupid,,1,0/5,10/10,,yes
3138,brineshrimp,https://toyhou.se/23500017.3138-myo,Cupid,,1,0/5,10/10,,yes
3139,bro___ boi,https://toyhou.se/23500164.3139,Ancient Fire,,1,0/5,10/10,,no
3140,terroryakii,https://toyhou.se/23505682.3140-myo,Cupid,,1,0/5,10/10,,yes
3141,N/A,https://toyhou.se/23524952.3141,Elementary,,1,0/5,10/10,,No
3142,thatdreamurr ,https://toyhou.se/23539662.3142,Elementary,,1,0/5,10/10,,no
3143,the_kid_in_the_corner15,https://toyhou.se/23561319.3143-myo,Ilgbii - Water,,1,0/5,10/10,,
3144,the_kid_in_the_corner15,https://toyhou.se/23561325.3144-myo,Ilgbii,,1,0/5,10/10,,
3145,jay_the_shark_pup,https://toyhou.se/23563198.3145,Elementary,,1,0/5,10/10,,No
3146,n/a,https://toyhou.se/23588614.3146,Elementary,,1,0/5,10/10,,no
3147,Thexghosting,https://toyhou.se/23590287.3147-myo,Elementary,,1,0/5,10/10,,yes
3148,Peachiibee.s,https://toyhou.se/23594184.3148,Elementary,,1,0/5,10/10,,no
3149,mixies_sketchbook,https://toyhou.se/23594227.3149,Elementary,,1,0/5,10/10,,no
3150,dyrag0n,https://toyhou.se/23594244.3150,Elementary,,2,1/5,10/10,,no
3151,N/A,https://toyhou.se/23601727.3151,Elementary,,1,0/5,10/10,,No
3152,_meowzie_,https://toyhou.se/23601760.3152,Elementary,,1,0/5,10/10,,No
3153,N/A,https://toyhou.se/23601783.3153,Elementary,,1,0/5,10/10,,No
3154,N/A,https://toyhou.se/23601824.3154,Elementary,,1,0/5,10/10,,No
3155,N/A,https://toyhou.se/23557840.3155,Elementary,,1,0/5,10/10,,No
3156,Crash_Pilot,https://toyhou.se/23611961.3156,Elementary,,1,0/5,10/10,,No
3157,n/a,https://toyhou.se/23633794.3157,Elementary,,1,0/5,10/10,,no
3158,itx_ogamii,https://toyhou.se/23633839.3158,Elementary,,1,0/5,10/10,,no
3159,usukiarts,https://toyhou.se/23637102.3159,Elementary,,1,0/5,10/10,,No
3160,n/a,https://toyhou.se/23641726.3160,Elementary,,1,0/5,10/10,,No
3161,mixies_sketchbook,https://toyhou.se/23641736.3161,Elementary,,1,0/5,10/10,,No
3162,N/A,https://toyhou.se/23644098.3162,Elementary,,1,0/5,10/10,,No
3163,N/A,https://toyhou.se/23644143.3163,Elementary,,1,0/5,10/10,,No
3164,N/A,https://toyhou.se/23644178.3164,Elementary,,1,0/5,10/10,,No
3165,N/A,https://toyhou.se/23644196.3165,Elementary,,1,0/5,10/10,,No
3166,victor_straberry,https://toyhou.se/23644223.3166,Elementary,,1,0/5,10/10,,No
3167,TheKidInTheCorner15,https://toyhou.se/23646532.3167,Elementary,,1,4/5,4/10,,no
3168,sour.rot,https://toyhou.se/23648450.3168,Ancient Water,,1,0/5,10/10,,no
3169,sour.rot,https://toyhou.se/23648461.3169-myo,Elementary,,1,0/5,10/10,,no
3170,N/A,https://toyhou.se/23649347.3170,Elementary,,1,0/5,10/10,,no
3171,N/A,https://toyhou.se/23649368.3171,Elementary,,1,0/5,10/10,,no
3172,usukiarts,https://toyhou.se/23651418.3172,Elementary,,1,0/5,10/10,,No
3173,_infamous_comedown_ok,https://toyhou.se/23658733.3173,Elementary,,1,0/5,10/10,,No
3174,bro__boi,https://toyhou.se/23659799.3174-myo,Abyssius,,1,0/5,10/10,,
3175,starrymaplebar.cs,https://toyhou.se/23659951.3175-myo,Feyndeer,,1,0/5,10/10,,
3176,starrymaplebar.cs,https://toyhou.se/23659952.3176-myo,Elementary,,1,0/5,10/10,,
3177,starrymaplebar.cs,https://toyhou.se/23659954.3177-myo,Elementary,,1,0/5,10/10,,
3178,n/a,https://toyhou.se/23663352.3178,Elementary,,1,0/5,10/10,,no
3179,thatdreamurr,https://toyhou.se/23663417.3179,Elementary,,1,0/5,10/10,,yes
3180,goats4guts,https://toyhou.se/23663430.3180,Elementary,,1,0/5,10/10,,yes
3181,goats4guts ,https://toyhou.se/23663437.3181,Elementary,,1,0/5,10/10,,yes
3182,mixies_sketchbook,https://toyhou.se/23663479.3182,Elementary,,1,0/5,10/10,,no
3183,mixies_sketchbook,https://toyhou.se/23663485.3183,Elementary,,1,0/5,10/10,,no
3184,n/a,https://toyhou.se/23679070.3184 ,Elementary,,1,0/5,10/10,,no
3185,bro__boi,3185 (MYO) on Toyhouse,Elementary,,1,0/5,10/10,,yes
3186,bro__boi,3186 (MYO) on Toyhouse,Elementary,,1,0/5,10/10,,yes
3187,bro__boi,3187 (MYO) on Toyhouse,Elementary,,1,0/5,10/10,,no
3188,bro__boi,3188 (MYO) on Toyhouse,Elementary,,1,0/5,10/10,,yes
3189,N/A,https://toyhou.se/23684801.3189,Elementary,,1,0/5,10/10,,No
3190,N/A,https://toyhou.se/23684837.3190,Elementary,,1,0/5,10/10,,No
3191,n/a,https://toyhou.se/23691159.3191,Elementary,,1,0/5,10/10,,no
3192,anni3bytez,https://toyhou.se/23701863.3192,Elementary,,1,0/5,10/10,,no
3193,_0_strawberrymilk_0_,https://toyhou.se/23705609.3193-myo,Cupid,,1,0/5,10/10,,Yes
3194,_0_strawberrymilk_0_,https://toyhou.se/23705628.3194-myo,Ilgbii,,1,0/5,10/10,,Yes
3195,_0_strawberrymilk_0_,https://toyhou.se/23705643.3195-myo,Feyndeer,,1,0/5,10/10,,Yes
3196,Sour.Rot,https://toyhou.se/23712222.3196-myo,Ilgbii,,1,0/5,10/10,,Yes
3197,n/a,https://toyhou.se/23721642.3197,Elementary,,1,0/5,10/10,,no
3198,crash_pilot,3198 on Toyhouse,Elementary,,6,2/12,10/10,Fishing rod x2,no
3199,crash_pilot,3199 on Toyhouse,Feyndeer,,7,13/15,7/10,"Lesser Pickaxe x28
Anvil x 10 
Pot x8",no
3200,crash_pilot,https://toyhou.se/23743195.3200-myo,Ancient Fire,,1,0/5,10/10,,yes
3201,n/a,https://toyhou.se/23750107.3201,Elementary,,1,0/5,10/10,,no
3202,n/a,https://toyhou.se/23750253.3202,Elementary,,1,0/5,10/10,,no
3203,UsukiArts,https://toyhou.se/23750310.3203,Elementary,,1,0/5,10/10,,no
3204,luxicitii,https://toyhou.se/23750342.3204,Elementary,,1,0/5,10/10,,no
3205,alfred_Da_buttler_,https://toyhou.se/23750367.3205,Elementary,,1,0/5,10/10,,no
3206,sour.rot,https://toyhou.se/23750423.3206,Elementary,,1,0/5,10/10,,no
3207,_infamous_comedown_ok,https://toyhou.se/23761025.3207,Feyndeer,,1,0/5,10/10,,Yes
3208, _sealllion_,https://toyhou.se/23767563.3208,Elementary,,1,0/5,10/10,,Yes
3209,"sour.rot , lark_barks",https://toyhou.se/23776618.3209,Elementary,,1,0/5,10/10,,no
3210,Kindhearted_mouse,https://toyhou.se/23784422.3210-myo,Ilgbii,,1,0/5,10/10,,yes
3211,zayn_3s,https://toyhou.se/23784557.3211-myo,Elementary,,1,0/5,10/10,,yes
3212,Crash_pilot,https://toyhou.se/23784581.3212-myo,Feyndeer,,1,0/5,10/10,,yes
3213,Luxicitii,https://toyhou.se/23784869.3213-myo,Abyssius,,1,0/5,10/10,,yes
3214,Bellandthebeasts,3214 on Toyhouse,Elementary,,1,0/5,10/10,,no
3215,Eepiiin,3215 on Toyhouse,Abyssius,,1,0/5,10/10,,no
3216,N/A,https://toyhou.se/23806577.3216,Elementary,,1,0/5,10/10,,No
3217,N/A,https://toyhou.se/23806597.3217,Elementary,,1,0/5,10/10,,No
3218,N/A,https://toyhou.se/23806624.3218,Elementary,,1,0/5,10/10,,No
3219,N/A,https://toyhou.se/23806698.3219,Elementary,,1,0/5,10/10,,No
3220,lux.icitii,https://toyhou.se/23806724.3220,Elementary,,1,0/5,10/10,,No
3221,N/A,https://toyhou.se/23806763.3221,Elementary,,1,0/5,10/10,,No
3222,lolzerous,3222 on Toyhouse,Elementary,,1,0/5,10/10,,No
3223,N/A,https://toyhou.se/23806845.3223,Elementary,,1,0/5,10/10,,No
3224,N/A,https://toyhou.se/23806881.3224,Elementary,,1,0/5,10/10,,No
3225,N/A,https://toyhou.se/23806908.3225,Elementary,,1,0/5,10/10,,No
3226,N/A,https://toyhou.se/23806936.3226,Elementary,,1,0/5,10/10,,No
3227,N/A,https://toyhou.se/23806950.3227,Elementary,,1,0/5,10/10,,No
3228,anni3bytez,https://toyhou.se/23808714.3228,Ilgbii,,1,0/5,10/10,,No
3229,_crims0n.mamaart_,https://toyhou.se/23818437.3229,Mushrumi,,1,0/5,10/10,,no
3230,chaotic_clueless,https://toyhou.se/23841767.3230-myo,Elementary,,1,0/5,10/10,,yes
3231,Digitalskullfox ,https://toyhou.se/23841787.3231-myo,Elementary,,1,0/5,10/10,,yes
3232,Digitalskullfox ,https://toyhou.se/23841799.3232-myo,Elementary,,1,0/5,10/10,,yes
3233,Crash_Pilot,https://toyhou.se/23843103.3233,Mushrumi,,1,0/5,10/10,,yes
3234,alfred_da_buttler_,3234 (MYO) on Toyhouse,Elementary,,1,0/5,10/10,,yes
3235,sour.rot,https://toyhou.se/23849333.3235myo,ilgbii ,,1,0/5,10/10,,yes
3236,"Fatterhorner , anni3bytez",https://toyhou.se/23851104.3236,abyssius,,1,0/5,10/10,,No
3237,_crows_are_pure_birb,https://toyhou.se/23851130.3237,Elementary,,1,0/5,10/10,,No
3238,_meowzie_,https://toyhou.se/23852231.3238,Elementary,,1,0/5,10/10,,no
3239,oops.jinxed.it,https://toyhou.se/23862859.3239-myo,Elementary,,1,0/5,10/10,,yes
3240,mishaeatsbunnys,https://toyhou.se/23899625.3240-myo,Abyssius,,1,0/5,10/10,,no
3241,N/A,https://toyhou.se/23905634.3241,Elementary,,1,0/5,10/10,,No
3242,ace8yte,https://toyhou.se/23907341.3242-myo,Elementary,,1,0/5,10/10,,yes
3243,Zak_5670,https://toyhou.se/23951297.3243,Elementary,,1,0/5,10/10,,yes
3244,usukiarts,https://toyhou.se/23951311.3244,Elementary,,1,0/5,10/10,,yes
3245,sour.rot,https://toyhou.se/23957858.3245-myo,Feyndeer,,1,0/5,10/10,,yes
3246,terroryaki,https://toyhou.se/23961791.3246-myo,Elementary,,1,0/5,10/10,,no
3247,no one </3,https://toyhou.se/23967065.3247,Elementary,,1,0/5,10/10,,no
3248,BellandtheBeasts,3248 on Toyhouse,Elementary,,1,0/5,10/10,,no
3249,sour.rot,https://toyhou.se/23967129.3249,Elementary,,1,2/5,10/10,,no
3250,sour.rot,https://toyhou.se/23967158.3250,Elementary,,1,0/5,10/10,,no
3251,lark_barks,https://toyhou.se/23967174.3251,Elementary,,1,0/5,10/10,,no
3252,_meowzie_,https://toyhou.se/23967190.3252,Elementary,,1,0/5,10/10,,no
3253,beatriceisah_02,https://toyhou.se/23967240.3253,Elementary,,1,0/5,10/10,,no
3254,sour.rot,https://toyhou.se/23974506.3254,Cupid,,3,2/6,10/10,,no
3255,gummymoth,https://toyhou.se/23990061.3255,Elementary,,1,0/5,10/10,,no
3256,usukiarts,https://toyhou.se/23990067.3256,Elementary,,1,0/5,10/10,,no
3257,n/a,https://toyhou.se/23990078.3257,Elementary,,1,0/5,10/10,,no
3258,fatterhorner,https://toyhou.se/23990100.3258,Elementary,,1,0/5,10/10,,no
3259,usukiarts ,3259 on Toyhouse,Elementary,,1,0/5,10/10,,no
3260,n/a,https://toyhou.se/23990279.3260,Elementary,,1,0/5,10/10,,no
3261,Crash_Pilot,3261 on Toyhouse,Feyndeer,,1,0/5,10/10,,yes
3262,bunnyboiaries,https://toyhou.se/24008945.3262,Elementary,,2,4/5,10/10,,no
3263,buggie.is.real,https://toyhou.se/24008959.3263,Elementary,,1,0/5,10/10,,no
3264,n/a,https://toyhou.se/24008967.3264,Elementary,,1,0/5,10/10,,no
3265,N/A,3265 on Toyhouse,Elementary,,1,0/5,10/10,,no
3266,crash_pilot,3266 on Toyhouse,Abyssius,,1,0/5,10/10,,no
3267,bunnyboiaries ,3267 on Toyhouse,Elementary,,1,0/5,10/10,,no
3268,sour.rot,3268 on Toyhouse,Elementary,,1,0/5,10/10,,no
3269,N/A,3269 on Toyhouse,Elementary,,1,0/5,10/10,,no
3270,N/A,3270 on Toyhouse,Elementary,,1,0/5,10/10,,no
3271,N/A,3271 on Toyhouse,Elementary,,1,0/5,10/10,,no
3272,chiliimelon & bellandthebeasts ,https://toyhou.se/24031372.3272,Elementary,,1,0/5,10/10,,naw
3273,yes,https://toyhou.se/24037036.3273-myo,Abyssius,,1,0/5,10/10,,yes
3274,Risk_Of_Systematic_Chaos,https://toyhou.se/24037070.3274-myo,Ilgbii,,1,0/5,10/10,,yes
3275,Crash_Pilot,https://toyhou.se/24037126.3275-myo,Ancient Water,,1,0/5,10/10,,yes
3276,Crash_Pilot,https://toyhou.se/24037140.3276-myo,Abyssius,,1,0/5,10/10,,No
3277,Crash_Pilot,https://toyhou.se/24037159.3277-myo,Feyndeer,,1,0/5,10/10,,yes
3278,Luxicitii,3278 on Toyhouse,Elementary,,4,4/8,10/10,,no
3279,Pyr022_,3279 on Toyhouse,Elementary,,1,0/5,10/10,,no
3280,N/A,3280 on Toyhouse,Elementary,,1,0/5,10/10,,no
3281,Crash_Pilot,3281 on Toyhouse,Feyndeer,,1,0/5,10/10,,no
3282,diino.miilk,https://toyhou.se/24064893.3282-myo,Abyssius,,1,0/5,10/10,,yes
3283,N/A,https://toyhou.se/24071872.3283,Elementary,,1,0/5,10/10,,No
3284,chiliimelon,https://toyhou.se/24071894.3284,Elementary,,1,0/5,10/10,,No
3285,brigitta_halim,3285 (MYO) on Toyhouse,Mushrumi,,1,0/5,10/10,,Yes
3286,alt_ketan15,https://toyhou.se/24096782.3286-myo,Mushrumi,,1,0/5,10/10,,Yes
3287,_.PhoenixArtz._,https://toyhou.se/24096885.3287-myo,Mushrumi,,1,0/5,10/10,,Yes
3288,the_kid_in_the_corner15,3288 on Toyhouse,Elementary,,1,0/5,10/10,,No
3289,_.phoenixartz._,https://toyhou.se/24098152.3289,Elementary,,1,0/5,10/10,,No
3290,alfred_da_buttler_,https://toyhou.se/24098163.3290,Elementary,,1,0/5,10/10,,No
3291,buggie.is.real,https://toyhou.se/24099762.3291,Earth-Slime,,1,1/5,10/10,,No
3292,N/A,https://toyhou.se/24115485.3292,Elementary,,1,0/5,10/10,,No
3293,_0_strawberrymilk_0_,3293 (MYO) on Toyhouse,Mushrumi,,1,0/5,10/10,,Yes
3294,_.phoenixartz._,https://toyhou.se/24149644.3294,Elementary,,1,0/5,10/10,,no
3295,bellandthebeasts,https://toyhou.se/24149648.3295,Elementary,,1,0/5,10/10,,no
3296,Luxicitii ,https://toyhou.se/24149657.3296,Elementary,,1,0/5,10/10,,no
3297,mixies_sketchbook,3297 on Toyhouse,Elementary,,1,0/5,10/10,,no
3298, mixies_sketchbook,https://toyhou.se/24149682.3298,Elementary,,1,0/5,10/10,,no
3299,infamous_comedown_ok,https://toyhou.se/24149700.3299,Abyssius,,1,0/5,10/10,,no
3300,Fatterhorner ,https://toyhou.se/24149707.3300,Abyssius,,1,0/5,10/10,,no
3301,n/a,https://toyhou.se/24149713.3301,Abyssius,,1,0/5,10/10,,no
3302,buggie.is.real,https://toyhou.se/24149720.3302,Abyssius,,1,0/5,10/10,,no
3303,Crash_Pilot,https://toyhou.se/24149730.3303,Abyssius,,1,0/5,10/10,,no
3304,Usukiarts,3304 on Toyhouse,Mushrumi,,1,0/5,10/10,,no
3305,_.phoenixartz._,https://toyhou.se/24149740.3305,Mushrumi,,1,0/5,10/10,,no
3306,buggie.is.real,https://toyhou.se/24149758.3306,Mushrumi,,1,0/5,10/10,,no
3307,n/a,https://toyhou.se/24149770.3307,Mushrumi,,1,0/5,10/10,,no
3308,chiliimelon,3308 on Toyhouse,Mushrumi,,1,0/5,10/10,,no
3309,Crash_Pilot,https://toyhou.se/24149784.3309,Elementary,,1,0/5,10/10,,no
3310,bellandthebeasts,https://toyhou.se/24149792.3310,Elementary,,1,0/5,10/10,,no
3311,bellandthebeasts,https://toyhou.se/24149803.3311,Elementary,,1,0/5,10/10,,no
3312,Luxicitii ,https://toyhou.se/24149820.3312,Elementary,,1,0/5,10/10,,no
3313,Bellandthebeasts,https://toyhou.se/24149822.3313,Elementary,,1,0/5,10/10,,no
3314,_.phoenixartz._,https://toyhou.se/24149856.3314,Abyssius,,1,0/5,10/10,,no
3315,infamous_comedown_ok,https://toyhou.se/24149868.3315,Elementary,,1,0/5,10/10,,no
3316,bellandthebeasts,https://toyhou.se/24149869.3316,Elementary,,1,0/5,10/10,,no
3317,Usukiarts,3317 on Toyhouse,Abyssius,,1,0/5,10/10,,no
3318,bellandthebeasts,https://toyhou.se/24149880.3318,Mushrumi,,1,0/5,10/10,,no
3319,guts4goats,https://toyhou.se/24155950.3319-myo,Elementary,,1,0/5,10/10,,yes
3320,guts4goats,https://toyhou.se/24155977.3320-myo,Ilgbii,,1,0/5,10/10,,yes
3321,guts4goats,https://toyhou.se/24156007.3321-myo,Elementary,,1,0/5,10/10,,yes
3322,guts4goats,https://toyhou.se/24156018.3322-myo,Elementary,,1,0/5,10/10,,yes
3323,Lazuu.UwU_Art,https://toyhou.se/24164227.3323-myo,Elementary,,1,0/5,10/10,,yes
3324,Lazuu.UwU_Art,https://toyhou.se/24164252.3324-myo,Elementary,,1,0/5,10/10,,yes
3325,Lazuu.UwU_Art,https://toyhou.se/24164267.3325-myo,Elementary,,1,0/5,10/10,,yes
3326,Lazuu.UwU_Art,https://toyhou.se/24164279.3326-myo,Elementary,,1,0/5,10/10,,yes
3327,Lazuu.UwU_Art,https://toyhou.se/24164293.3327-myo,Elementary,,1,0/5,10/10,,yes
3328,Lazuu.UwU_Art,https://toyhou.se/24164310.3328-myo,Elementary,,1,0/5,10/10,,yes
3329,Lazuu.UwU_Art,https://toyhou.se/24164320.3329-myo,Elementary,,1,0/5,10/10,,yes
3330,Lazuu.UwU_Art,https://toyhou.se/24164338.3330-myo,Elementary,,1,0/5,10/10,,yes
3331,Lazuu.UwU_Art,https://toyhou.se/24164352.3331-myo,Elementary,,1,0/5,10/10,,yes
3332,Lazuu.UwU_Art,https://toyhou.se/24164361.3332-myo,Elementary,,1,0/5,10/10,,yes
3333,pyr022_,https://toyhou.se/24173305.3333-myo,Cupid,,1,0/5,10/10,,yea
3334,bunnyboiaries,3334 on Toyhouse,Elementary,,1,0/5,10/10,,no
3335,Sour.Rot,https://toyhou.se/24190440.3335,Elementary,,1,0/5,10/10,,
3336,N/A,https://toyhou.se/24206740.3336,Elementary,,1,0/5,10/10,,No
3337,N/A,,Elementary,,1,0/5,10/10,,N
3338,lucky_the_calicoOwO,https://toyhou.se/24207723.3338-myo,Elementary,,1,0/5,10/10,,Yes
3339,Crash_Pilot,https://toyhou.se/24207701.3339-myo,Feyndeer,,1,0/5,10/10,,Yes
3340,Luxicitii,https://toyhou.se/24214044.3340,Elementary,,1,0/5,10/10,,no
3341,chiliimelon,https://toyhou.se/24214049.3341,Elementary,,1,0/5,10/10,,no
3342,lark_barks,https://toyhou.se/24214060.3342,Elementary,,1,0/5,10/10,,no
3343,wispthewasp,https://toyhou.se/24214072.3343,Elementary,,2,2/5,10/10,,no
3344,sour.rot,https://toyhou.se/24220840.3344,Elementary,,1,0/5,10/10,,no
3345,0_jellybee_0,https://toyhou.se/24220862.3345,Elementary,,1,0/5,10/10,,no
3346,NeighborlyNarwhal,https://toyhou.se/24220874.3346,Elementary,,1,0/5,10/10,,no
3347,lark_barks,https://toyhou.se/24220891.3347,Elementary,,1,0/5,10/10,,no
3348,usukiarts,https://toyhou.se/24220987.3348,Elementary,,1,0/5,10/10,,no
3349,Usukiarts,https://toyhou.se/24221005.3349,Elementary,,1,0/5,10/10,,no
3350,_crims0n.mamaart_,https://toyhou.se/24221057.3350,Elementary,,1,0/5,10/10,,no
3351,Honeybee_fanfare,3351 on Toyhouse,Elementary,,1,0/5,10/10,,no
3352,constellixx,https://toyhou.se/24241373.3352,Elementary,,1,0/5,10/10,,
3353,luxicitii,https://toyhou.se/24243496.3352,Kiab,,1,0/5,10/10,,No
3354,nini.cosmosart_,https://toyhou.se/24251792.3354,Elementary,,1,0/5,10/10,,no
3355,bergierpants,https://toyhou.se/24254200.3355,Elementary,,1,0/5,10/10,,no
3356,_infamous_comedown_ok,https://toyhou.se/24255760.3356,Elementary,,1,0/5,10/10,,no
3357,bro___boi,https://toyhou.se/24256073.3357,Elementary,,1,0/5,10/10,,no
3358,ace8yte,https://toyhou.se/24255636.3358,Elementary,,1,0/5,10/10,,
3359,oops.jinxed.it,https://toyhou.se/24257771.3359,Elementary,,1,0/5,10/10,,no
3360,n/a,https://toyhou.se/24257798.3360,Elementary,,1,0/5,10/10,,no
3361,tsunamii_seas,https://toyhou.se/24257816.3361,Elementary,,1,0/5,10/10,,no
3362,diino.miilk,https://toyhou.se/24257837.3362,Elementary,,1,0/5,10/10,,no
3363,stwabby_roomz,https://toyhou.se/24267015.3363,Mushrumi ,,1,0/5,10/10,,yes
3364,under_oblivious_rain,3364 (MYO) on Toyhouse,Mushrumi,,1,0/5,10/10,,yes
3365,lark_barks,3365 (MYO) on Toyhouse,Feyndeer,,1,0/5,10/10,,yes
3366,,3366 (MYO) on Toyhouse,Mushrumi,,1,0/5,10/10,,
3367,crash_pilot,https://toyhou.se/24314411.3367,Elementary,,1,0/5,10/10,,no
3368,dyrag0n,https://toyhou.se/24314423.3368,Elementary,,1,0/5,10/10,,no
3369,n/a,https://toyhou.se/24314431.3369 ,Elementary,,1,0/5,10/10,,no
3370,goats4guts,https://toyhou.se/24314472.3370,Elementary,,1,0/5,10/10,,no
3371,sour.rot,https://toyhou.se/24314487.3371,Elementary,,1,0/5,10/10,,no
3372,Scepterwolfyy,https://toyhou.se/24325973.3372,Elementary,,2,1/5,10/10,,no
3373,Chaotic_clueless,https://toyhou.se/24326036.3373,Elementary,,1,0/5,10/10,,Yes
3374,Chaotic_clueless,https://toyhou.se/24326050.3374,Elementary,,1,0/5,10/10,,Yes
3375,N/A,https://toyhou.se/24326170.3375,Elementary,,1,0/5,10/10,,No
3376,N/A,https://toyhou.se/24326185.3376,Elementary,,1,0/5,10/10,,No
3377,N/A,https://toyhou.se/24326268.3377,Elementary,,1,0/5,10/10,,No
3378,Itx_Ogamii,https://toyhou.se/24326358.3378,Elementary,,1,0/5,10/10,,No
3379,Sour.Rot,https://toyhou.se/24326379.3379,Elementary,,1,0/5,10/10,,No
3380,Sour.Rot,https://toyhou.se/24326393.3380/gallery,Elementary,,1,0/5,10/10,,No
3381,Nyxoom_Draws,https://toyhou.se/24326412.3381,Elementary,,1,0/5,10/10,,No
3382,"sour_rot , Lark_Barks ",https://toyhou.se/24328576.3382,Elementary,,1,0/5,10/10,,no
3383,N/A,https://toyhou.se/24328601.3383,Elementary,,1,0/5,10/10,,no
3384,wispthewasp,https://toyhou.se/24328613.3384,Elementary,,1,0/5,10/10,,no
3385,N/A,https://toyhou.se/24328624.3385,Elementary,,1,0/5,10/10,,no
3386,fish_b1te,3386 (MYO) on Toyhouse,Mushrumi,,1,0/5,10/10,,yes
3387,NeighborlyNarwhal,https://toyhou.se/24332956.3387,Elementary,,1,0/5,10/10,,No
3388,lark_barks,https://toyhou.se/24333681.3388,Elementary,,1,0/5,10/10,,No
3389,Mixies_sketchbook,https://toyhou.se/24333831.3389,Abyssius,,1,0/5,10/10,,No
3390,Shiro._.yuki,https://toyhou.se/24333896.3390,Elementary,,1,0/5,10/10,,No
3391,itx_ogamii,https://toyhou.se/24363068.3391,Feyndeer,,1,0/5,10/10,,No
3392,pupper.cupz,https://toyhou.se/24386289.3392,Abyssius,,1,0/5,10/10,,No
3393,Peachiibee.s,https://toyhou.se/24386304.3393,Elementary,,1,0/5,10/10,,No
3394,Luxicitii,https://toyhou.se/24386322.3394,Elementary,,1,0/5,10/10,,No
3395,mixies_sketchbook/tarotstrinkets,https://toyhou.se/24386336.3395,Elementary,,1,0/5,10/10,,No
3396,Nyxoom_draws,https://toyhou.se/24386351.3396,Elementary,,1,0/5,10/10,,No
3397,victor_straberry,https://toyhou.se/24386381.3397,Elementary,,1,0/5,10/10,,No
3398,sour.rot,https://toyhou.se/24386401.3398,Elementary,,1,0/5,10/10,,No
3399,sour.rot,https://toyhou.se/24386413.3399,Abyssius,,1,0/5,10/10,,No
3400,beatriceisah_02,https://toyhou.se/24386452.3400,Elementary,,1,0/5,10/10,,No
3401,dyrag0n,https://toyhou.se/24386494.3401,Elementary,,1,0/5,10/10,,No
3402,kuroki_09,https://toyhou.se/24386531.3402,Elementary,,1,0/5,10/10,,No
3403,buggie.is.real,https://toyhou.se/24386546.3403,Elementary,,1,0/5,10/10,,No
3404,Skylos,https://toyhou.se/24386583.3404,Elementary,,1,0/5,10/10,,No
3405,sunnypuddles,https://toyhou.se/24386616.3405,Elementary,,1,0/5,10/10,,No
3406,chiliimelon,https://toyhou.se/24386645.3406,Elementary,,1,0/5,10/10,,No
3407,nini.cosmoart,https://toyhou.se/24390970.3407,Elementary,,1,0/5,10/10,,no
3408,honey_.milktea,https://toyhou.se/24394507.3408-myo,Abyssius,,1,0/5,10/10,,Yes
3409,eepiiin,https://toyhou.se/24394513.3409,Elementary,,1,0/5,10/10,,no
3410,Sour.Rot,https://toyhou.se/24394533.3410,Abyssius,,1,0/5,10/10,,no
3411,Sour.Rot,https://toyhou.se/24394546.3411-myo,Elementary,,1,0/5,10/10,,Yes
3412,Sour.Rot,https://toyhou.se/24394554.3412-myo,Elementary,,1,0/5,10/10,,Yes
3413,Sour.Rot,https://toyhou.se/24394557.3413-myo,Elementary,,1,0/5,10/10,,Yes
3414,Sour.Rot,https://toyhou.se/24394565.3414-myo,Elementary,,1,0/5,10/10,,Yes
3415,Chilimelon,https://toyhou.se/24397562.3415,Elementary,,1,0/5,10/10,,No
3416,Eepiiin,https://toyhou.se/24397583.3416,Elementary,,1,0/5,10/10,,No
3417,alt_ketan15,https://toyhou.se/24398427.3417-myo,Elementary,,1,0/5,10/10,,yes
3418,diino.miilk ,https://toyhou.se/24405406.3418,Mushrumi,,1,0/5,10/10,,no
3419,usukiarts,https://toyhou.se/24408906.3419,Elementary,,1,0/5,10/10,,no
3420,mixies_sketchbook ,https://toyhou.se/24407217.3420,Elementary,,1,0/5,10/10,,no
3421,N/A,https://toyhou.se/24409110.3421,Elementary,,1,0/5,10/10,,no
3422,usukiarts ,https://toyhou.se/24409304.3422,Elementary,,1,0/5,10/10,,no
3423,N/A,https://toyhou.se/24409337.3423,Elementary,,1,0/5,10/10,,no
3424,usukiarts ,https://toyhou.se/24409360.3424,Elementary,,1,0/5,10/10,,no
3425,gummymoth,https://toyhou.se/24409434.3425,Elementary,,1,0/5,10/10,,no
3426,N/A,https://toyhou.se/24409484.3426,Elementary,,1,0/5,10/10,,no
3427,UsukiArts,https://toyhou.se/24410042.3427 ,Elementary,,1,0/5,10/10,,no
3428,n/a,https://toyhou.se/24419420.3428,Elementary,,1,0/5,10/10,,no
3429,n/a,https://toyhou.se/24426168.3429,Elementary,,1,0/5,10/10,,
3430,n/a,https://toyhou.se/24426178.3430,Elementary,,1,0/5,10/10,,
3431,Oops.Jinxed.It,https://toyhou.se/24426185.3431,Elementary,,1,0/5,10/10,,
3432,crash_pilot,https://toyhou.se/24426191.3432,Elementary,,1,0/5,10/10,,
3433,beatriceisah_02,https://toyhou.se/24426202.3433,Elementary,,1,0/5,10/10,,
3434,n/a,https://toyhou.se/24426208.3434,Elementary,,1,0/5,10/10,,
3435,n/a,https://toyhou.se/24430900.3435,Elementary,,1,0/5,10/10,,
3436,n/a,https://toyhou.se/24431045.3436,Elementary,,1,0/5,10/10,,
3437,n/a,https://toyhou.se/24431057.3437,Elementary,,1,0/5,10/10,,
3438,n/a,https://toyhou.se/24431072.3438,Elementary,,1,0/5,10/10,,
3439,n/a,https://toyhou.se/24431101.3439,Elementary,,1,0/5,10/10,,
3440,n/a,https://toyhou.se/24431118.3440,Elementary,,1,0/5,10/10,,
3441,n/a,https://toyhou.se/24431138.3441,Elementary,,1,0/5,10/10,,
3442,n/a,https://toyhou.se/24431149.3442,Elementary,,1,0/5,10/10,,
3443,n/a,https://toyhou.se/24431159.3443,Elementary,,1,0/5,10/10,,
3444,n/a,https://toyhou.se/24431169.3444,Elementary,,1,0/5,10/10,,
3445,n/a,https://toyhou.se/24431179.3445,Elementary,,1,0/5,10/10,,
3446,n/a,https://toyhou.se/24431184.3446,Elementary,,1,0/5,10/10,,
3447,n/a,https://toyhou.se/24431212.3447,Elementary,,1,0/5,10/10,,
3448,n/a,https://toyhou.se/24431218.3448,Elementary,,1,0/5,10/10,,
3449,n/a,https://toyhou.se/24431234.3449,Elementary,,1,0/5,10/10,,
3450,n/a,https://toyhou.se/24431240.3450,Elementary,,1,0/5,10/10,,
3451,N/A,https://toyhou.se/24458109.3451,Elementary,,1,0/5,10/10,,No
3452,eepiiin,https://toyhou.se/24458114.3452,Elementary,,1,0/5,10/10,,No
3453,pinstripetv,https://toyhou.se/24458121.3453,Elementary,,1,0/5,10/10,,No
3454,N/A,https://toyhou.se/24458129.3454,Elementary,,1,0/5,10/10,,No
3455,N/A,https://toyhou.se/24458137.3455,Elementary,,1,0/5,10/10,,No
3456,Sour.Rot,https://toyhou.se/24458255.3456,Abyssius,,5,4/8,10/10,,No
3457,N/A,https://toyhou.se/24458305.3457,Elementary,,1,0/5,10/10,,No
3458,N/A,https://toyhou.se/24458311.3458,Elementary,,1,0/5,10/10,,No
3459,N/A,https://toyhou.se/24458327.3459,Elementary,,1,0/5,10/10,,No
3460,N/A,https://toyhou.se/24458391.3460,Elementary,,1,0/5,10/10,,No
3461,N/A,https://toyhou.se/24458396.3461,Elementary,,1,0/5,10/10,,No
3462,N/A,https://toyhou.se/24458403.3462,Elementary,,1,0/5,10/10,,No
3463,N/A,https://toyhou.se/24458412.3463,Elementary,,1,0/5,10/10,,No
3464,N/A,https://toyhou.se/24458420.3464,Elementary,,1,0/5,10/10,,No
3465,N/A,https://toyhou.se/24458474.3465,Elementary,,1,0/5,10/10,,No
3466,_.PhoenixArtz._ ,3466 (MYO) on Toyhouse,Elementary,,1,0/5,10/10,,Yes
3467,_.PhoenixArtz._ ,3467 (MYO) on Toyhouse,Elementary,,1,0/5,10/10,,Yes
3468,_.PhoenixArtz._ ,3468 (MYO) on Toyhouse,Abyssius- Cupid,,1,0/5,10/10,,Yes
3469,mixies_sketchbook,3469 (MYO) on Toyhouse,Cupid,,1,0/5,10/10,,Yes
3470,Crash_Pilot,3470 (MYO) on Toyhouse,Elementary,,1,0/5,10/10,,no
3471,zak_5670,3471 (MYO) on Toyhouse,Mushrumi,,1,0/5,10/10,,Yes
3472,Edd_._spams,https://toyhou.se/24486256.3472,Elementary,,1,0/5,10/10,,No
3473,N/A,3473 on Toyhouse,Elementary,,1,0/5,10/10,,No
3474,N/A,3474 on Toyhouse,Elementary,,1,0/5,10/10,,No
3475,liminal.aero.wave,3475 on Toyhouse,Elementary,,1,0/5,10/10,,No
3476,bro___boi,https://toyhou.se/24511198.3476-myo,Elementary,,1,0/5,10/10,,yes
3477,bro___boi,https://toyhou.se/24511216.3477-myo,Cupid,,1,0/5,10/10,,yes
3478,bro___boi,https://toyhou.se/24511229.3478-myo,Ilgbii,,1,0/5,10/10,,yes
3479,crash_pilot,https://toyhou.se/24511375.3479-myo,Feyndeer,,1,0/5,10/10,,yes
3480,crash_pilot,https://toyhou.se/24511390.3480-myo,Feyndeer,,1,0/5,10/10,,yes
3481,N/A,https://toyhou.se/24511433.3481,Elementary,,1,0/5,10/10,,no
3482,_.PhoenixArtz._,https://toyhou.se/24511454.3482,Elementary,,1,0/5,10/10,,no
3483,N/A,https://toyhou.se/24511475.3483,Elementary,,1,0/5,10/10,,no
3484,Bro___Boi,https://toyhou.se/24512749.3484-myo,Elementary,,1,0/5,10/10,,yes
3485,Bro___Boi,https://toyhou.se/24512756.3485-myo,Elementary,,1,0/5,10/10,,yea
3486,mixies_sketchbook ,https://toyhou.se/24530652.3486,Cupid,,1,0/5,10/10,,Yes
3487,mixies_sketchbook ,https://toyhou.se/24530656.3487,Cupid - Abyssius,,1,0/5,10/10,,Yes
3488,crash_pilot,3488 (MYO) on Toyhouse,Elementary,,1,0/5,10/10,,Yes
3489,Chaotic_clueless,https://toyhou.se/24535030.3489,Elementary,,1,0/5,10/10,,no
3490,5erafina,https://toyhou.se/24535040.3490,Elementary,,1,0/5,10/10,,no
3491,Luxicitii,https://toyhou.se/24535046.3491,Elementary,,1,0/5,10/10,,no
3492,sour.rot,https://toyhou.se/24535069.3492,Elementary,,1,0/5,10/10,,no
3493,scepterwolfyy,https://toyhou.se/24535077.3493,Elementary,,1,0/5,10/10,,no
3494,crash_pilot,https://toyhou.se/24535082.3494,Elementary,,1,0/5,10/10,,no
3495,_infamous_comedown_ok,https://toyhou.se/24535095.3495,Elementary,,1,0/5,10/10,,no
3496,lythelfisch,https://toyhou.se/24535105.3496,Elementary,,1,0/5,10/10,,no
3497,a_foxes_darling,https://toyhou.se/24535113.3497,Elementary,,1,0/5,10/10,,no
3498,pyr022_,https://toyhou.se/24535122.3498,Elementary,,1,0/5,10/10,,no
3499,mixies_sketchbook,https://toyhou.se/24535134.3499,Elementary,,1,0/5,10/10,,non
3500,bro___Boi,https://toyhou.se/24535144.3500,Elementary,,1,0/5,10/10,,no